Зиккурат ,http://everydayword.ru/zikkurat
Реляция,http://everydayword.ru/relyaciya
Интервенция,http://everydayword.ru/intervenciya
Онтоло́гия,http://everydayword.ru/ontologiya
Панторифмы,http://everydayword.ru/pantorifmy
Го́нор,http://everydayword.ru/gonor
Фанфаронада,http://everydayword.ru/fanfaronada
Оология,http://everydayword.ru/oologiya
Атара́ксия,http://everydayword.ru/ataraksiya
Пленэр,http://everydayword.ru/plener
Цинизм,http://everydayword.ru/cinizm
Теого́ния,http://everydayword.ru/teogoniya
Триумвира́т,http://everydayword.ru/triumvirat
Апсида,http://everydayword.ru/apsida
Концепция,http://everydayword.ru/koncepciya
Антипо́д,http://everydayword.ru/antipod
Валидность,http://everydayword.ru/validnost
Нарцисси́зм,http://everydayword.ru/narcissizm
Эвфемизм,http://everydayword.ru/evfemizm
Контингент,http://everydayword.ru/kontingent
Люстра́ция,http://everydayword.ru/lyustraciya
Этатизм,http://everydayword.ru/etatizm
Макиавеллизм,http://everydayword.ru/makiavellizm
Пассионарный,http://everydayword.ru/passionarnyy
Эмбарго,http://everydayword.ru/embargo
Библиотаф,http://everydayword.ru/bibliotaf
Анахронизм,http://everydayword.ru/anahronizm
Брома́нс,http://everydayword.ru/bromans
Балисонг,http://everydayword.ru/balisong
Профанация,http://everydayword.ru/profanaciya
Дезабилье,http://everydayword.ru/dezabile-0
Логорея,http://everydayword.ru/logoreya
Приватизация,http://everydayword.ru/privatizaciya
Суфражи́стки,http://everydayword.ru/sufrazhistki
Деменция,http://everydayword.ru/demenciya
Релятивизм,http://everydayword.ru/relyativizm
Брифинг,http://everydayword.ru/brifing
Галоп,http://everydayword.ru/galop
Маргина́л,http://everydayword.ru/marginal
Карамбо́ль,http://everydayword.ru/karambol
Променад,http://everydayword.ru/promenad
Херуви́м,http://everydayword.ru/heruvim
Филематология,http://everydayword.ru/filematologiya
Дедлайн,http://everydayword.ru/dedlayn
Сатисфакция,http://everydayword.ru/satisfakciya
Гиюр,http://everydayword.ru/giyur
Эгалитари́зм,http://everydayword.ru/egalitarizm
Реверберация,http://everydayword.ru/reverberaciya
Кинесика,http://everydayword.ru/kinesika
Трасология,http://everydayword.ru/trasologiya
Марабель,http://everydayword.ru/marabel
Экстрактивность,http://everydayword.ru/ekstraktivnost
Криптография,http://everydayword.ru/kriptografiya
Апотропей,http://everydayword.ru/apotropey
Альтависта ,http://everydayword.ru/altavista
Водеви́ль,http://everydayword.ru/vodevil
Бестиарий,http://everydayword.ru/bestiariy
Фантасмагория,http://everydayword.ru/fantasmagoriya
Тороватый,http://everydayword.ru/torovatyy
Апокрифичный,http://everydayword.ru/apokrifichnyy
Ламбдацизм,http://everydayword.ru/lambdacizm
Логистика,http://everydayword.ru/logistika
Маскулинность,http://everydayword.ru/maskulinnost
Сумбу́рный,http://everydayword.ru/sumburnyy
Юрисди́кция,http://everydayword.ru/yurisdikciya
Энофил,http://everydayword.ru/enofil
Диффу́зия,http://everydayword.ru/diffuziya
Синхронность,http://everydayword.ru/sinhronnost
Космого́ния,http://everydayword.ru/kosmogoniya
Сингулярность,http://everydayword.ru/singulyarnost
Комильфо,http://everydayword.ru/komilfo
Инсайдер,http://everydayword.ru/insayder
Сие́ста,http://everydayword.ru/siesta
Танатофобия,http://everydayword.ru/tanatofobiya
Хорея,http://everydayword.ru/horeya
Клептократия,http://everydayword.ru/kleptokratiya
Реципие́нт,http://everydayword.ru/recipient
Эксцесс,http://everydayword.ru/ekscess
Прозелит,http://everydayword.ru/prozelit
Ипохондрия,http://everydayword.ru/ipohondriya
Петрикор,http://everydayword.ru/petrikor
Супостат,http://everydayword.ru/supostat
Моббинг,http://everydayword.ru/mobbing
Плагиа́т,http://everydayword.ru/plagiat-0
Реинкарнация,http://everydayword.ru/reinkarnaciya
Странгуляция,http://everydayword.ru/strangulyaciya
Карфология,http://everydayword.ru/karfologiya
Парафраз,http://everydayword.ru/parafraz
Аляпова́тый,http://everydayword.ru/alyapovatyy
Аффирмация,http://everydayword.ru/affirmaciya
Интенция,http://everydayword.ru/intenciya
Визионер,http://everydayword.ru/vizioner
Консолидация,http://everydayword.ru/konsolidaciya
Прокрастинация,http://everydayword.ru/prokrastinaciya
Паллиатив,http://everydayword.ru/palliativ
Баратрия,http://everydayword.ru/baratriya
Тормозок,http://everydayword.ru/tormozok
Риги́дность,http://everydayword.ru/rigidnost
Верминофобия,http://everydayword.ru/verminofobiya
Нистагм,http://everydayword.ru/nistagm
Софистика,http://everydayword.ru/sofistika
Констатация,http://everydayword.ru/konstataciya
Беллетристика,http://everydayword.ru/belletristika
Гелертер,http://everydayword.ru/gelerter
Детерминация,http://everydayword.ru/determinaciya
Сплин,http://everydayword.ru/splin
Когнитивность,http://everydayword.ru/kognitivnost
Мономания,http://everydayword.ru/monomaniya
Амок,http://everydayword.ru/amok
Витальность,http://everydayword.ru/vitalnost
Гебефрения,http://everydayword.ru/gebefreniya
Мадрига́л,http://everydayword.ru/madrigal
Коньюгат,http://everydayword.ru/konyugat
Епитимья,http://everydayword.ru/epitimya
Трюизм,http://everydayword.ru/tryuizm
Кольере́тка,http://everydayword.ru/koleretka-0
Абули́я,http://everydayword.ru/abuliya-0
Акцессорный,http://everydayword.ru/akcessornyy
Реминисценция,http://everydayword.ru/reminiscenciya
Скрапбукинг,http://everydayword.ru/skrapbuking
Пиит,http://everydayword.ru/piit
Резигнация,http://everydayword.ru/rezignaciya
Офшор,http://everydayword.ru/ofshor
Аморфность,http://everydayword.ru/amorfnost
Демарш,http://everydayword.ru/demarsh
Прецизионный,http://everydayword.ru/precizionnyy
Факси́миле,http://everydayword.ru/faksimile
Манкировать,http://everydayword.ru/mankirovat
Калокагатия,http://everydayword.ru/kalokagatiya
Парите́т,http://everydayword.ru/paritet
Нейтралитет,http://everydayword.ru/neytralitet
Клейм,http://everydayword.ru/kleym
Трепанация,http://everydayword.ru/trepanaciya
Обструкция,http://everydayword.ru/obstrukciya
Вето,http://everydayword.ru/veto
Суррогат,http://everydayword.ru/surrogat
Семантика,http://everydayword.ru/semantika
Парапетазма,http://everydayword.ru/parapetazma
Панацея,http://everydayword.ru/panaceya
Обнубиляции,http://everydayword.ru/obnubilyacii
Марини́ст,http://everydayword.ru/marinist
Лорнет,http://everydayword.ru/lornet
Энантиосеми́я,http://everydayword.ru/enantiosemiya
Генезис,http://everydayword.ru/genezis
Фасцинация,http://everydayword.ru/fascinaciya
Апломб,http://everydayword.ru/aplomb
Пронунциаменто ,http://everydayword.ru/pronunciamento
Варна́к,http://everydayword.ru/varnak
Акро́ним,http://everydayword.ru/akronim
Травести,http://everydayword.ru/travesti
Педалировать,http://everydayword.ru/pedalirovat
Бестия,http://everydayword.ru/bestiya
Экстрадиция,http://everydayword.ru/ekstradiciya
Пинакотека,http://everydayword.ru/pinakoteka
Апгрейд,http://everydayword.ru/apgreyd
Эристика,http://everydayword.ru/eristika
Инвективы,http://everydayword.ru/invektivy
Перкуссиони́ст,http://everydayword.ru/perkussionist
Дискурс,http://everydayword.ru/diskurs
Пацифист,http://everydayword.ru/pacifist
Патронаж,http://everydayword.ru/patronazh
Сляйд,http://everydayword.ru/slyayd
Натиформа,http://everydayword.ru/natiforma
Хикикомори,http://everydayword.ru/hikikomori
Мисофония,http://everydayword.ru/misofoniya
Хиджра,http://everydayword.ru/hidzhra
Тремоло,http://everydayword.ru/tremolo
Центромера,http://everydayword.ru/centromera
Аденоиды,http://everydayword.ru/adenoidy
Эрзац,http://everydayword.ru/erzac
Мюзле́,http://everydayword.ru/myuzle
Октоторп,http://everydayword.ru/oktotorp
Дортуа́р,http://everydayword.ru/dortuar
Аннексия,http://everydayword.ru/anneksiya
Шибболет,http://everydayword.ru/shibbolet
Гренаде́ры,http://everydayword.ru/grenadery
Оксю́морон,http://everydayword.ru/oksyumoron-0
Эквивалент,http://everydayword.ru/ekvivalent
Мимикри́я,http://everydayword.ru/mimikriya
Диссиде́нт,http://everydayword.ru/dissident
Гедонист,http://everydayword.ru/gedonist
Триптих,http://everydayword.ru/triptih
Пендельтюр,http://everydayword.ru/pendeltyur
Гендер,http://everydayword.ru/gender
Гамартия,http://everydayword.ru/gamartiya
Апофения,http://everydayword.ru/apofeniya-0
Оппортунизм,http://everydayword.ru/opportunizm
Узуальный,http://everydayword.ru/uzualnyy
Бином ньютона,http://everydayword.ru/binom-nyutona
Хоспис,http://everydayword.ru/hospis
Кворум,http://everydayword.ru/kvorum
Эманация,http://everydayword.ru/emanaciya
Регенера́ция,http://everydayword.ru/regeneraciya
Апоптоз,http://everydayword.ru/apoptoz
Ипохо́ндрик,http://everydayword.ru/ipohondrik
Мондегрин,http://everydayword.ru/mondegrin
 гештальт,http://everydayword.ru/geshtalt
Дихотомия,http://everydayword.ru/dihotomiya
Пейоратив,http://everydayword.ru/peyorativ
Антиподы,http://everydayword.ru/antipody
Сноб,http://everydayword.ru/snob
Френология,http://everydayword.ru/frenologiya
Интенциональность,http://everydayword.ru/intencionalnost
Морганатический,http://everydayword.ru/morganaticheskiy
Дауншифтер,http://everydayword.ru/daunshifter
Депривация,http://everydayword.ru/deprivaciya
Пенилинкция,http://everydayword.ru/penilinkciya
Инвазия,http://everydayword.ru/invaziya
Дистимия,http://everydayword.ru/distimiya
Кулуарный,http://everydayword.ru/kuluarnyy
Реноме,http://everydayword.ru/renome
Верификация,http://everydayword.ru/verifikaciya
Деликт,http://everydayword.ru/delikt
Тризна,http://everydayword.ru/trizna
Ассертивность,http://everydayword.ru/assertivnost
Вентерь,http://everydayword.ru/venter
Жамевю,http://everydayword.ru/zhamevyu
Сирин,http://everydayword.ru/sirin
Амикошонство,http://everydayword.ru/amikoshonstvo
Реверс,http://everydayword.ru/revers
Эскорт,http://everydayword.ru/eskort
Апофеоз,http://everydayword.ru/apofeoz-1
Дородный,http://everydayword.ru/dorodnyy
Людус,http://everydayword.ru/lyudus
Интегра́л,http://everydayword.ru/integral
Памфле́т,http://everydayword.ru/pamflet
Пеладофобия,http://everydayword.ru/peladofobiya
Раздрай,http://everydayword.ru/razdray
Деградация,http://everydayword.ru/degradaciya
Бар-мицва́,http://everydayword.ru/bar-micva
Акселерация ,http://everydayword.ru/akseleraciya-0
Виньетка,http://everydayword.ru/vinetka
Па́сквиль,http://everydayword.ru/paskvil
Алармист,http://everydayword.ru/alarmist
Дефилировать,http://everydayword.ru/defilirovat
Тизер,http://everydayword.ru/tizer
Липофрения ,http://everydayword.ru/lipofreniya
Инсургент,http://everydayword.ru/insurgent
Верлибр,http://everydayword.ru/verlibr
Экзеге́тика,http://everydayword.ru/ekzegetika
Итерация,http://everydayword.ru/iteraciya
Берсерк,http://everydayword.ru/berserk
Антураж,http://everydayword.ru/anturazh
Такыр,http://everydayword.ru/takyr
Кагат,http://everydayword.ru/kagat
Симпозиум,http://everydayword.ru/simpozium
Преюдиция,http://everydayword.ru/preyudiciya
Табу,http://everydayword.ru/tabu
Архетипы,http://everydayword.ru/arhetipy
Апория,http://everydayword.ru/aporiya
Денота́ция,http://everydayword.ru/denotaciya
Вальтрап,http://everydayword.ru/valtrap
Латентность,http://everydayword.ru/latentnost
Аттический,http://everydayword.ru/atticheskiy
Перипети́я,http://everydayword.ru/peripetiya
Атавизм,http://everydayword.ru/atavizm
Ресентиме́нт,http://everydayword.ru/resentiment
Азотемия,http://everydayword.ru/azotemiya
Прецедент,http://everydayword.ru/precedent
Эксгумация,http://everydayword.ru/eksgumaciya
Трискаидекафобия,http://everydayword.ru/triskaidekafobiya
Гиперплазия,http://everydayword.ru/giperplaziya
Органоиды ,http://everydayword.ru/organoidy
Контрибуция,http://everydayword.ru/kontribuciya
Антоло́гия,http://everydayword.ru/antologiya
Эфеме́рный,http://everydayword.ru/efemernyy
Пуризм,http://everydayword.ru/purizm
Бирюльки,http://everydayword.ru/biryulki
Ана́фема,http://everydayword.ru/anafema
Тардис,http://everydayword.ru/tardis
Превенция,http://everydayword.ru/prevenciya
Лемниската,http://everydayword.ru/lemniskata
Сапиосексуал,http://everydayword.ru/sapioseksual
Дистресс,http://everydayword.ru/distress
Брендинг,http://everydayword.ru/brending
Чекист,http://everydayword.ru/chekist
Дефенестрация,http://everydayword.ru/defenestraciya
Прецессия,http://everydayword.ru/precessiya
Априори,http://everydayword.ru/apriori
Элиминировать,http://everydayword.ru/eliminirovat
Толерантность,http://everydayword.ru/tolerantnost
Ирритация,http://everydayword.ru/irritaciya
Сноллигостер,http://everydayword.ru/snolligoster
Хэппенинг,http://everydayword.ru/heppening
Сли́нки,http://everydayword.ru/slinki
Крамольный,http://everydayword.ru/kramolnyy
Алчность,http://everydayword.ru/alchnost
Целиба́т,http://everydayword.ru/celibat
Гарсоньéрка,http://everydayword.ru/garsonerka
Шелла́к,http://everydayword.ru/shellak
Партеногенез,http://everydayword.ru/partenogenez
Панибратство,http://everydayword.ru/panibratstvo
Фо́ртель,http://everydayword.ru/fortel
Акцентуация,http://everydayword.ru/akcentuaciya
Цугундер,http://everydayword.ru/cugunder
Энци́клика,http://everydayword.ru/enciklika
Начётничество,http://everydayword.ru/nachyotnichestvo
Гинекомастия,http://everydayword.ru/ginekomastiya
Аффилиация,http://everydayword.ru/affiliaciya
Спесивый,http://everydayword.ru/spesivyy
Эфемерность,http://everydayword.ru/efemernost
Экстраполя́ция,http://everydayword.ru/ekstrapolyaciya
Фанабе́рия,http://everydayword.ru/fanaberiya
Пигалица,http://everydayword.ru/pigalica
Эмпатия,http://everydayword.ru/empatiya
Экзистенция,http://everydayword.ru/ekzistenciya
Хула,http://everydayword.ru/hula
Резонёрство,http://everydayword.ru/rezonyorstvo
Маскот,http://everydayword.ru/maskot
Плюма́ж,http://everydayword.ru/plyumazh
Коннотация,http://everydayword.ru/konnotaciya
Метафизика,http://everydayword.ru/metafizika
Гекатомба,http://everydayword.ru/gekatomba
Деко́ль,http://everydayword.ru/dekol
Контаминация,http://everydayword.ru/kontaminaciya
Конфабуляция,http://everydayword.ru/konfabulyaciya
Сесквипиделиани,http://everydayword.ru/seskvipideliani
Боваризм ,http://everydayword.ru/bovarizm-0
Ангедония,http://everydayword.ru/angedoniya-0
Дистинкция,http://everydayword.ru/distinkciya
Презумпция,http://everydayword.ru/prezumpciya
Панславизм,http://everydayword.ru/panslavizm
Редукция,http://everydayword.ru/redukciya
Конси́лиум,http://everydayword.ru/konsilium
Апофегма,http://everydayword.ru/apofegma
Алертность,http://everydayword.ru/alertnost
Мизофобия,http://everydayword.ru/mizofobiya
Анто́ним,http://everydayword.ru/antonim
Третировать ,http://everydayword.ru/tretirovat
Экзальтация,http://everydayword.ru/ekzaltaciya
Инцест,http://everydayword.ru/incest
Компиляция,http://everydayword.ru/kompilyaciya
Керрилизм,http://everydayword.ru/kerrilizm
Тенор,http://everydayword.ru/tenor
Экзальта́ция,http://everydayword.ru/ekzaltaciya-0
Эйджизм,http://everydayword.ru/eydzhizm
Конформизм,http://everydayword.ru/konformizm
Ольфактометр,http://everydayword.ru/olfaktometr
Ингибирование,http://everydayword.ru/ingibirovanie
Антиномия,http://everydayword.ru/antinomiya
Каланча́,http://everydayword.ru/kalancha
Гривуа́зный,http://everydayword.ru/grivuaznyy
Истеблишмент,http://everydayword.ru/isteblishment
Ратра́к,http://everydayword.ru/ratrak
Утри́ровать,http://everydayword.ru/utrirovat
Ези́ды,http://everydayword.ru/ezidy
Берейтор,http://everydayword.ru/bereytor-0
Резолюция,http://everydayword.ru/rezolyuciya
Апофео́з,http://everydayword.ru/apofeoz
Полишине́ль,http://everydayword.ru/polishinel
Рецессия,http://everydayword.ru/recessiya
Одиозность,http://everydayword.ru/odioznost
Генезиз,http://everydayword.ru/geneziz
Амбидекстри́я,http://everydayword.ru/ambidekstriya
Тезаурус,http://everydayword.ru/tezaurus
Штудия,http://everydayword.ru/shtudiya
Сентенция,http://everydayword.ru/sentenciya
Одиозный,http://everydayword.ru/odioznyy
Апостериори,http://everydayword.ru/aposteriori
Императив,http://everydayword.ru/imperativ
Ментор,http://everydayword.ru/mentor
Копролалия,http://everydayword.ru/koprolaliya
Редупликация,http://everydayword.ru/reduplikaciya
Утилитарность,http://everydayword.ru/utilitarnost
Ятрогения,http://everydayword.ru/yatrogeniya
Дилемма,http://everydayword.ru/dilemma
Зга,http://everydayword.ru/zga
Фамулус,http://everydayword.ru/famulus
Лонгплей,http://everydayword.ru/longpley
Муссировать ,http://everydayword.ru/mussirovat
Собриология,http://everydayword.ru/sobriologiya
Штрейкбрехерство,http://everydayword.ru/shtreykbreherstvo
Депозит,http://everydayword.ru/depozit
Скрупулёзный,http://everydayword.ru/skrupulyoznyy
Харизма,http://everydayword.ru/harizma
Парестези́я,http://everydayword.ru/paresteziya
Психотизм,http://everydayword.ru/psihotizm
Аутентичность,http://everydayword.ru/autentichnost
Мурмурация ,http://everydayword.ru/murmuraciya
Люмпенизация,http://everydayword.ru/lyumpenizaciya
Де-ю́ре,http://everydayword.ru/de-yure
Акафист,http://everydayword.ru/akafist
Прелю́дия,http://everydayword.ru/prelyudiya
Аутсо́рсинг,http://everydayword.ru/autsorsing
Андроги́нность,http://everydayword.ru/androginnost
Пароксизм,http://everydayword.ru/paroksizm
Рудимент,http://everydayword.ru/rudiment
Лапидация,http://everydayword.ru/lapidaciya
Лудомания,http://everydayword.ru/ludomaniya
Дактилология,http://everydayword.ru/daktilologiya
Оксиопия,http://everydayword.ru/oksiopiya
Ажитация,http://everydayword.ru/azhitaciya
Никтофобия,http://everydayword.ru/niktofobiya
Триангуляция,http://everydayword.ru/triangulyaciya
Девальва̒ция,http://everydayword.ru/devalvaciya
Экспоненциально,http://everydayword.ru/eksponencialno
Мажоритарий,http://everydayword.ru/mazhoritariy
Пазиграфия,http://everydayword.ru/pazigrafiya
Аннотация,http://everydayword.ru/annotaciya
Профурсетка,http://everydayword.ru/profursetka
Меморандум,http://everydayword.ru/memorandum
Психоделия,http://everydayword.ru/psihodeliya
Клакёр,http://everydayword.ru/klakyor
Ортодоксальный,http://everydayword.ru/ortodoksalnyy
Бурлеск,http://everydayword.ru/burlesk
Кли́ринг,http://everydayword.ru/kliring
Креще́ндо,http://everydayword.ru/kreshchendo
Бластопор,http://everydayword.ru/blastopor
Клоакинг,http://everydayword.ru/kloaking
Постулат,http://everydayword.ru/postulat
Чокер,http://everydayword.ru/choker
Клир,http://everydayword.ru/klir
Карт-бланш,http://everydayword.ru/kart-blansh
Патетичный,http://everydayword.ru/patetichnyy
Эшафо́т,http://everydayword.ru/eshafot
Метаморфо́з,http://everydayword.ru/metamorfoz
Фрамуга,http://everydayword.ru/framuga
Нарколепсия,http://everydayword.ru/narkolepsiya
Э́тнос,http://everydayword.ru/etnos
Кроссинговер,http://everydayword.ru/krossingover
Жеманный,http://everydayword.ru/zhemannyy
Деонтология,http://everydayword.ru/deontologiya
Муар,http://everydayword.ru/muar
Эмбриогенез,http://everydayword.ru/embriogenez
Афазия,http://everydayword.ru/afaziya
Хиротония,http://everydayword.ru/hirotoniya
Зодчество,http://everydayword.ru/zodchestvo
Телегония,http://everydayword.ru/telegoniya
Экзистенциали́зм,http://everydayword.ru/ekzistencializm
Цугцванг,http://everydayword.ru/cugcvang
Снóрклинг,http://everydayword.ru/snorkling
Вампука,http://everydayword.ru/vampuka
Обсессия,http://everydayword.ru/obsessiya
Фальсифика́ция,http://everydayword.ru/falsifikaciya
Пралине́,http://everydayword.ru/praline
Аффектация,http://everydayword.ru/affektaciya
Аболиционизм,http://everydayword.ru/abolicionizm
Варвари́зм,http://everydayword.ru/varvarizm
Рипофобия,http://everydayword.ru/ripofobiya
Превенти́вный,http://everydayword.ru/preventivnyy
Гомункул,http://everydayword.ru/gomunkul
Иксотимик,http://everydayword.ru/iksotimik
Бомо́нд,http://everydayword.ru/bomond
Дивергент,http://everydayword.ru/divergent
Вотум,http://everydayword.ru/votum
А́льтер-э́го,http://everydayword.ru/alter-ego
Эскапизм,http://everydayword.ru/eskapizm
Рото́нда,http://everydayword.ru/rotonda
Сепарати́зм,http://everydayword.ru/separatizm
Холдинг,http://everydayword.ru/holding
Ментальный,http://everydayword.ru/mentalnyy
Топиари,http://everydayword.ru/topiari
Аблатив,http://everydayword.ru/ablativ
Неологизм,http://everydayword.ru/neologizm
Алкагест,http://everydayword.ru/alkagest
Сибаризм,http://everydayword.ru/sibarizm
Камарилья,http://everydayword.ru/kamarilya
Эста́мп ,http://everydayword.ru/estamp
Филиппика,http://everydayword.ru/filippika
Несметный,http://everydayword.ru/nesmetnyy
Дэксиарестэрáт,http://everydayword.ru/deksiaresterat
Джентрифика́ция,http://everydayword.ru/dzhentrifikaciya
Казуи́стика,http://everydayword.ru/kazuistika
Оскуляция ,http://everydayword.ru/oskulyaciya-0
Синекура,http://everydayword.ru/sinekura
Эспадри́льи,http://everydayword.ru/espadrili
Туш,http://everydayword.ru/tush
Дистиляция,http://everydayword.ru/distilyaciya
Баклуша,http://everydayword.ru/baklusha
Фраппировать,http://everydayword.ru/frappirovat
Парвеню́,http://everydayword.ru/parvenyu
Анфа́с,http://everydayword.ru/anfas
Фортель,http://everydayword.ru/fortel-0
Интрузия,http://everydayword.ru/intruziya
Бихевиори́зм,http://everydayword.ru/biheviorizm
Будуар,http://everydayword.ru/buduar
Непреложный,http://everydayword.ru/neprelozhnyy
Мемомагнетика,http://everydayword.ru/memomagnetika
Флоэмы,http://everydayword.ru/floemy
Гетто,http://everydayword.ru/getto
Пиетет,http://everydayword.ru/pietet
Каюк,http://everydayword.ru/kayuk
Хиатус,http://everydayword.ru/hiatus
Тантамареска,http://everydayword.ru/tantamareska
Дискредитация,http://everydayword.ru/diskreditaciya
Экстирпация,http://everydayword.ru/ekstirpaciya
Плюрализм,http://everydayword.ru/plyuralizm
Бренность,http://everydayword.ru/brennost
Гаптофобия ,http://everydayword.ru/gaptofobiya-0
Хрия,http://everydayword.ru/hriya
Грумминг,http://everydayword.ru/grumming
Допельга́нгер,http://everydayword.ru/dopelganger
Эвтрофикация,http://everydayword.ru/evtrofikaciya
Патте́рн,http://everydayword.ru/pattern
Базофобия,http://everydayword.ru/bazofobiya
Пролонгация,http://everydayword.ru/prolongaciya
Палиндром,http://everydayword.ru/palindrom
Мезальянс,http://everydayword.ru/mezalyans
Эзотери́зм,http://everydayword.ru/ezoterizm
Сомна́мбула,http://everydayword.ru/somnambula
Каучсерфинг,http://everydayword.ru/kauchserfing
Мезони́н,http://everydayword.ru/mezonin
Кольеретка,http://everydayword.ru/koleretka
Доппельгангер,http://everydayword.ru/doppelganger
Стяжа́тель,http://everydayword.ru/styazhatel
Юзаби́лити,http://everydayword.ru/yuzabiliti
Экстру́зия,http://everydayword.ru/ekstruziya
Глосса́рий,http://everydayword.ru/glossariy
Кастелян,http://everydayword.ru/kastelyan
Сиолония,http://everydayword.ru/sioloniya
Дезабилье ,http://everydayword.ru/dezabile
Гносеология ,http://everydayword.ru/gnoseologiya
Спорадический,http://everydayword.ru/sporadicheskiy
Трансмиссия,http://everydayword.ru/transmissiya
Акалькулия,http://everydayword.ru/akalkuliya
Бруствер,http://everydayword.ru/brustver
Биеннале,http://everydayword.ru/biennale
Контекст,http://everydayword.ru/kontekst
Ме́нтик,http://everydayword.ru/mentik
Виадук,http://everydayword.ru/viaduk
Альтерация ,http://everydayword.ru/alteraciya
Пассионарность,http://everydayword.ru/passionarnost
Боваризм,http://everydayword.ru/bovarizm
Адюльтер,http://everydayword.ru/adyulter
Эйчар,http://everydayword.ru/eychar
Инкубус,http://everydayword.ru/inkubus
Трибьют-альбом,http://everydayword.ru/tribyut-albom
Лапидарный,http://everydayword.ru/lapidarnyy
Энантиодромия,http://everydayword.ru/enantiodromiya
Дискламация,http://everydayword.ru/disklamaciya
Конгруэнтность,http://everydayword.ru/kongruentnost
Кабальеро,http://everydayword.ru/kabalero
Цейтно́т,http://everydayword.ru/ceytnot
Кассация,http://everydayword.ru/kassaciya
Пердимонокль,http://everydayword.ru/perdimonokl-0
Одонтофобия,http://everydayword.ru/odontofobiya
Эпиго́нство,http://everydayword.ru/epigonstvo
Имманентность,http://everydayword.ru/immanentnost
Манкирование,http://everydayword.ru/mankirovanie
Абсо́рбция,http://everydayword.ru/absorbciya
Синергия,http://everydayword.ru/sinergiya
Лавировать,http://everydayword.ru/lavirovat-0
Гелиашер,http://everydayword.ru/geliasher
Приоритет,http://everydayword.ru/prioritet
Девиа́ция,http://everydayword.ru/deviaciya
Абсолют,http://everydayword.ru/absolyut
Квёло,http://everydayword.ru/kvyolo
Фатализм,http://everydayword.ru/fatalizm
Хеатускопия,http://everydayword.ru/heatuskopiya
Импетиго,http://everydayword.ru/impetigo
Апперцепция,http://everydayword.ru/appercepciya
Лави́ровать,http://everydayword.ru/lavirovat
Чанкинг,http://everydayword.ru/chanking
Бонвиван,http://everydayword.ru/bonvivan
Зо́рбинг,http://everydayword.ru/zorbing
Клеврет,http://everydayword.ru/klevret
Какафония,http://everydayword.ru/kakafoniya
Перистальтика,http://everydayword.ru/peristaltika
Саногенез,http://everydayword.ru/sanogenez
Схизма,http://everydayword.ru/shizma
Электора́т,http://everydayword.ru/elektorat
Гипосмия,http://everydayword.ru/giposmiya
Адгезия,http://everydayword.ru/adgeziya
Регургитация,http://everydayword.ru/regurgitaciya
Репарация,http://everydayword.ru/reparaciya
Лупанарий,http://everydayword.ru/lupanariy
Гедония,http://everydayword.ru/gedoniya
Арипофобия,http://everydayword.ru/aripofobiya
Волюнтаризм,http://everydayword.ru/volyuntarizm
Мидриаз,http://everydayword.ru/midriaz
Анагога,http://everydayword.ru/anagoga
Амальгама,http://everydayword.ru/amalgama
Эклектизм,http://everydayword.ru/eklektizm
Кадастр,http://everydayword.ru/kadastr
Вивисе́кция,http://everydayword.ru/vivisekciya
Плеоназм,http://everydayword.ru/pleonazm
Эскалация,http://everydayword.ru/eskalaciya
Промульгация,http://everydayword.ru/promulgaciya
Плебисци́т,http://everydayword.ru/plebiscit
Импичмент,http://everydayword.ru/impichment
Эпикурейство,http://everydayword.ru/epikureystvo
Астеничность,http://everydayword.ru/astenichnost
Авельман,http://everydayword.ru/avelman
Афтершо́к,http://everydayword.ru/aftershok
Пауперизация,http://everydayword.ru/pauperizaciya
Копёр,http://everydayword.ru/kopyor
Ангажированность,http://everydayword.ru/angazhirovannost
Дефиниция,http://everydayword.ru/definiciya
Ратификация,http://everydayword.ru/ratifikaciya
Зоопсии,http://everydayword.ru/zoopsii
Ригидность,http://everydayword.ru/rigidnost-0
Пасодо́бль,http://everydayword.ru/pasodobl
Тю́бинг,http://everydayword.ru/tyubing
Апартеи́д,http://everydayword.ru/aparteid
Адде́ндум,http://everydayword.ru/addendum
Графоман,http://everydayword.ru/grafoman
Абстиненция,http://everydayword.ru/abstinenciya
Флюктуация,http://everydayword.ru/flyuktuaciya
Ангедони́я,http://everydayword.ru/angedoniya
Плей-офф,http://everydayword.ru/pley
Партитура,http://everydayword.ru/partitura
Евхаристия,http://everydayword.ru/evharistiya
Эклектика,http://everydayword.ru/eklektika
Каузальный,http://everydayword.ru/kauzalnyy
Коллаборация,http://everydayword.ru/kollaboraciya
Руминация,http://everydayword.ru/ruminaciya
Ургентный,http://everydayword.ru/urgentnyy
Мантикора,http://everydayword.ru/mantikora
Бруксизм,http://everydayword.ru/bruksizm
Хтонический,http://everydayword.ru/htonicheskiy
Дезавуирование,http://everydayword.ru/dezavuirovanie
Диапозитив,http://everydayword.ru/diapozitiv
Этхотнизм,http://everydayword.ru/ethotnizm
Феррул,http://everydayword.ru/ferrul
Индифферентно,http://everydayword.ru/indifferentno
Дислекси́я,http://everydayword.ru/disleksiya
Тривиальный,http://everydayword.ru/trivialnyy
Аверси́я,http://everydayword.ru/aversiya
Юродствовать,http://everydayword.ru/yurodstvovat
Де́зерты,http://everydayword.ru/dezerty
Ликви́дность,http://everydayword.ru/likvidnost
Аффилирование,http://everydayword.ru/affilirovanie
Мерканти́льный,http://everydayword.ru/merkantilnyy
Стагнация,http://everydayword.ru/stagnaciya
Филофони́я,http://everydayword.ru/filofoniya-0
Эполе́ты,http://everydayword.ru/epolety
Харпаксофобия,http://everydayword.ru/harpaksofobiya
Китч,http://everydayword.ru/kitch
Инсинуация,http://everydayword.ru/insinuaciya
Калькуляция,http://everydayword.ru/kalkulyaciya
Аксельбант,http://everydayword.ru/akselbant
Консенсус,http://everydayword.ru/konsensus
Ке́йтеринг,http://everydayword.ru/keytering
Забрус,http://everydayword.ru/zabrus
Сизифов труд,http://everydayword.ru/sizifov-trud
Минестро́не,http://everydayword.ru/minestrone
Репрезентативны,http://everydayword.ru/reprezentativny
Гериатрия,http://everydayword.ru/geriatriya
Интерробанг,http://everydayword.ru/interrobang
Эглет,http://everydayword.ru/eglet
Деструкция,http://everydayword.ru/destrukciya
Ойкумена,http://everydayword.ru/oykumena
Прескевю ,http://everydayword.ru/preskevyu
Моджо,http://everydayword.ru/modzho
Трансцендентный,http://everydayword.ru/transcendentnyy
Иллюзорность,http://everydayword.ru/illyuzornost
Имплици́тный,http://everydayword.ru/implicitnyy
Коллаборационист,http://everydayword.ru/kollaboracionist
Эпата́ж,http://everydayword.ru/epatazh
Плеяда,http://everydayword.ru/pleyada
Тренчик,http://everydayword.ru/trenchik
Политес,http://everydayword.ru/polites
Бенефициант,http://everydayword.ru/beneficiant
Сфи́нктер,http://everydayword.ru/sfinkter
Кабала,http://everydayword.ru/kabala
Филистерство,http://everydayword.ru/filisterstvo
Инаугурация ,http://everydayword.ru/inauguraciya-0
Аберрация,http://everydayword.ru/aberraciya
Аподиктический,http://everydayword.ru/apodikticheskiy
Термоцепция,http://everydayword.ru/termocepciya
Скевоморфизм,http://everydayword.ru/skevomorfizm
Трансинтеграция,http://everydayword.ru/transintegraciya
Пентименто,http://everydayword.ru/pentimento
Фью́черс,http://everydayword.ru/fyuchers
Абстрагировался,http://everydayword.ru/abstragirovalsya
Пранк,http://everydayword.ru/prank
Апатия,http://everydayword.ru/apatiya
Мегаломания,http://everydayword.ru/megalomaniya
Квази,http://everydayword.ru/kvazi
Ка́пча,http://everydayword.ru/kapcha
Конверге́нция,http://everydayword.ru/konvergenciya
Регресс,http://everydayword.ru/regress
Лунула,http://everydayword.ru/lunula
Абсанс,http://everydayword.ru/absans
Дамоклоиды,http://everydayword.ru/damokloidy
Амперса́нд,http://everydayword.ru/ampersand
Виндикация,http://everydayword.ru/vindikaciya
Инаугурация,http://everydayword.ru/inauguraciya
Акнé,http://everydayword.ru/akne
Агноним,http://everydayword.ru/agnonim
Хедж-фонд,http://everydayword.ru/hedzh-fond
Делиберативный,http://everydayword.ru/deliberativnyy
Офиофобия,http://everydayword.ru/ofiofobiya
Обсессивность,http://everydayword.ru/obsessivnost
Анаэробы,http://everydayword.ru/anaeroby
Сардонический,http://everydayword.ru/sardonicheskiy
Конкубинат,http://everydayword.ru/konkubinat
Старлетка,http://everydayword.ru/starletka
Ойкофобия,http://everydayword.ru/oykofobiya
Хрематистика,http://everydayword.ru/hrematistika
Альтруизм,http://everydayword.ru/altruizm
Лю́верс,http://everydayword.ru/lyuvers
Аккола́да,http://everydayword.ru/akkolada
Эскапада,http://everydayword.ru/eskapada
Гиподинамия,http://everydayword.ru/gipodinamiya
Фильтрум,http://everydayword.ru/filtrum
Реификация,http://everydayword.ru/reifikaciya
Антропоморфизм,http://everydayword.ru/antropomorfizm
Карьеризм,http://everydayword.ru/karerizm
Консеквенция,http://everydayword.ru/konsekvenciya
Диссона́нс,http://everydayword.ru/dissonans
Бифуркация,http://everydayword.ru/bifurkaciya
Неофит,http://everydayword.ru/neofit
Компендиум,http://everydayword.ru/kompendium
Эмтаназия,http://everydayword.ru/emtanaziya
Хронофагия,http://everydayword.ru/hronofagiya
Коленкор,http://everydayword.ru/kolenkor
Азимут,http://everydayword.ru/azimut
Геронтофилия,http://everydayword.ru/gerontofiliya
Ватерли́ния,http://everydayword.ru/vaterliniya
Понеже,http://everydayword.ru/ponezhe
Пассеизм,http://everydayword.ru/passeizm
Субдепрессия,http://everydayword.ru/subdepressiya
Бере́йтор,http://everydayword.ru/bereytor
Трипофобия,http://everydayword.ru/tripofobiya
Эпикурейство ,http://everydayword.ru/epikureystvo-0
Аксон,http://everydayword.ru/akson
Партикулярный,http://everydayword.ru/partikulyarnyy
Каллиопа,http://everydayword.ru/kalliopa
Авта́рки́я,http://everydayword.ru/avtarkiya
Синергетика,http://everydayword.ru/sinergetika
Эмерджентность,http://everydayword.ru/emerdzhentnost
Эквилибристика,http://everydayword.ru/ekvilibristika
Омнибус,http://everydayword.ru/omnibus
Нивелировать,http://everydayword.ru/nivelirovat
Курьёз,http://everydayword.ru/kuryoz
Консистентность,http://everydayword.ru/konsistentnost
Аутодафе́,http://everydayword.ru/autodafe
Канони́р,http://everydayword.ru/kanonir
Итсизм,http://everydayword.ru/itsizm
Фригидность,http://everydayword.ru/frigidnost
Иносказа́ние,http://everydayword.ru/inoskazanie
Экслибрис,http://everydayword.ru/ekslibris
Витиеватый ,http://everydayword.ru/vitievatyy
Хору́гвь,http://everydayword.ru/horugv
Гаптофобия,http://everydayword.ru/gaptofobiya
Филантроп,http://everydayword.ru/filantrop
Эмансипация,http://everydayword.ru/emansipaciya
Панкратион,http://everydayword.ru/pankration
Каподастр,http://everydayword.ru/kapodastr
Аннигиляция,http://everydayword.ru/annigilyaciya
Филофония,http://everydayword.ru/filofoniya
Реку́рсия,http://everydayword.ru/rekursiya
Реституция,http://everydayword.ru/restituciya
Абсцесс,http://everydayword.ru/abscess
Метапуризм,http://everydayword.ru/metapurizm
Экивоки,http://everydayword.ru/ekivoki
Эпистолярий,http://everydayword.ru/epistolyariy
Эфемерный,http://everydayword.ru/efemernyy-0
Декантер,http://everydayword.ru/dekanter
Оскуляция,http://everydayword.ru/oskulyaciya
Амбигра́мма,http://everydayword.ru/ambigramma
Доломан,http://everydayword.ru/doloman
Скабрёзный,http://everydayword.ru/skabryoznyy
Реквизиция,http://everydayword.ru/rekviziciya
Шовини́зм,http://everydayword.ru/shovinizm
Колумбарий,http://everydayword.ru/kolumbariy
Демаго́г,http://everydayword.ru/demagog
Бутсы,http://everydayword.ru/butsy
Нарвасадата,http://everydayword.ru/narvasadata
Тенёта,http://everydayword.ru/tenyota
Аноми́я,http://everydayword.ru/anomiya
Сукцессия,http://everydayword.ru/sukcessiya
Пустула,http://everydayword.ru/pustula
Субординация,http://everydayword.ru/subordinaciya
Схоластика,http://everydayword.ru/sholastika
Наитие,http://everydayword.ru/naitie
Энотека,http://everydayword.ru/enoteka
Ревю,http://everydayword.ru/revyu
Аддикция ,http://everydayword.ru/addikciya
Колаборационизм,http://everydayword.ru/kolaboracionizm
Буколический,http://everydayword.ru/bukolicheskiy
Антагони́ст,http://everydayword.ru/antagonist
Испражнения,http://everydayword.ru/isprazhneniya
Узурпатор,http://everydayword.ru/uzurpator
Эгоцентрик,http://everydayword.ru/egocentrik
Яра́нга,http://everydayword.ru/yaranga
Ригоризм,http://everydayword.ru/rigorizm
Контральто,http://everydayword.ru/kontralto
Медиатор ,http://everydayword.ru/mediator-0
Девиация,http://everydayword.ru/deviaciya-0
Афронт,http://everydayword.ru/afront
Капитуляция,http://everydayword.ru/kapitulyaciya
Ка́рвинг,http://everydayword.ru/karving
Дайджест,http://everydayword.ru/daydzhest
Медиатор,http://everydayword.ru/mediator
Лоббировать,http://everydayword.ru/lobbirovat
Биом,http://everydayword.ru/biom
Резонер,http://everydayword.ru/rezoner
Бенефициарий,http://everydayword.ru/beneficiariy
Колливубл,http://everydayword.ru/kollivubl
Коллизия,http://everydayword.ru/kolliziya
Вендор,http://everydayword.ru/vendor
Фузз,http://everydayword.ru/fuzz
Импресарио,http://everydayword.ru/impresario
Паттерн,http://everydayword.ru/pattern-0
Пакгауз,http://everydayword.ru/pakgauz
Саспенс,http://everydayword.ru/saspens
Аффект,http://everydayword.ru/affekt
Котильон,http://everydayword.ru/kotilon
Палимпсест,http://everydayword.ru/palimpsest
Глабель,http://everydayword.ru/glabel
Меритократия,http://everydayword.ru/meritokratiya
Виктимность,http://everydayword.ru/viktimnost
Инкорпорирование,http://everydayword.ru/inkorporirovanie
Чета,http://everydayword.ru/cheta
Рекогносцировка,http://everydayword.ru/rekognoscirovka
Нанизм,http://everydayword.ru/nanizm
Аскетизм,http://everydayword.ru/asketizm
Эскейпер,http://everydayword.ru/eskeyper
Перманентный,http://everydayword.ru/permanentnyy
Аскеза,http://everydayword.ru/askeza
Горжетка,http://everydayword.ru/gorzhetka
Идея фикс,http://everydayword.ru/ideya-fiks
Полиандрия,http://everydayword.ru/poliandriya
Боке,http://everydayword.ru/boke
Феерия,http://everydayword.ru/feeriya
Маргинал,http://everydayword.ru/marginal-0
Апокриф,http://everydayword.ru/apokrif
Штраймл,http://everydayword.ru/shtrayml
Морфема,http://everydayword.ru/morfema
Ана́фора,http://everydayword.ru/anafora
Фигляр,http://everydayword.ru/figlyar
Аннексирование,http://everydayword.ru/anneksirovanie
Лю́мпен,http://everydayword.ru/lyumpen
Пролайфер,http://everydayword.ru/prolayfer
Пробст,http://everydayword.ru/probst
Бинди,http://everydayword.ru/bindi
Фрустрация,http://everydayword.ru/frustraciya
Притязание,http://everydayword.ru/prityazanie
Фидбэк,http://everydayword.ru/fidbek
Мутуализм,http://everydayword.ru/mutualizm
Пе́плум,http://everydayword.ru/peplum
Ассениза́тор,http://everydayword.ru/assenizator
Корреля́ция,http://everydayword.ru/korrelyaciya
Эскамотировать,http://everydayword.ru/eskamotirovat
Протекционизм,http://everydayword.ru/protekcionizm
Макабр,http://everydayword.ru/makabr
Убиквист,http://everydayword.ru/ubikvist
Петричор,http://everydayword.ru/petrichor
Диглоссия,http://everydayword.ru/diglossiya
Физиогномика,http://everydayword.ru/fiziognomika
Кошерный,http://everydayword.ru/koshernyy
Аудиенция,http://everydayword.ru/audienciya
Предтеча,http://everydayword.ru/predtecha
Сексо́мния,http://everydayword.ru/seksomniya
Тет-а-тет,http://everydayword.ru/tet-tet
Парейдолия,http://everydayword.ru/pareydoliya
Соционика,http://everydayword.ru/socionika
Апогей,http://everydayword.ru/apogey
Фертильный,http://everydayword.ru/fertilnyy
Статус-кво,http://everydayword.ru/status-kvo
Лабильность,http://everydayword.ru/labilnost
Абсорбция,http://everydayword.ru/absorbciya-0
Эхолалия,http://everydayword.ru/eholaliya
Паноптикум,http://everydayword.ru/panoptikum
Катарсис,http://everydayword.ru/katarsis
Франшиза,http://everydayword.ru/franshiza
Индульгенция,http://everydayword.ru/indulgenciya-0
Мизансцена,http://everydayword.ru/mizanscena
Брахистохрона,http://everydayword.ru/brahistohrona
Тренд,http://everydayword.ru/trend
Гурт,http://everydayword.ru/gurt
Лакшми,http://everydayword.ru/lakshmi
Пунктуация,http://everydayword.ru/punktuaciya
Инвентаризация,http://everydayword.ru/inventarizaciya
Аперитив,http://everydayword.ru/aperitiv
Симуля́кр,http://everydayword.ru/simulyakr
Навмахия,http://everydayword.ru/navmahiya
Квинтэссенция,http://everydayword.ru/kvintessenciya
Ренегат,http://everydayword.ru/renegat
Дисания,http://everydayword.ru/disaniya
Контроверза,http://everydayword.ru/kontroverza
Шикана,http://everydayword.ru/shikana
Тафофобия,http://everydayword.ru/tafofobiya
Декупа́ж,http://everydayword.ru/dekupazh
Ко́мель,http://everydayword.ru/komel
Социопатия,http://everydayword.ru/sociopatiya
Индекс,http://everydayword.ru/indeks
Шуфлятка,http://everydayword.ru/shuflyatka
Акме,http://everydayword.ru/akme
Кипер,http://everydayword.ru/kiper
Остракизм,http://everydayword.ru/ostrakizm
Конклюдентность,http://everydayword.ru/konklyudentnost
Конформность,http://everydayword.ru/konformnost
Ангст,http://everydayword.ru/angst
Вико́нт,http://everydayword.ru/vikont
Персистенция,http://everydayword.ru/persistenciya
Бенефис,http://everydayword.ru/benefis
Анатидаефобия,http://everydayword.ru/anatidaefobiya
Панегирик,http://everydayword.ru/panegirik
Вагитус,http://everydayword.ru/vagitus
Фриссон,http://everydayword.ru/frisson
Краудфандинг,http://everydayword.ru/kraudfanding
Антипатия,http://everydayword.ru/antipatiya
Эпатаж,http://everydayword.ru/epatazh-0
Гедони́зм,http://everydayword.ru/gedonizm
Парестезия,http://everydayword.ru/paresteziya-0
Контент,http://everydayword.ru/kontent
Хедхантинг,http://everydayword.ru/hedhanting
Декантация,http://everydayword.ru/dekantaciya
Мнемоника,http://everydayword.ru/mnemonika
Перфекционизм,http://everydayword.ru/perfekcionizm
Хейтерство,http://everydayword.ru/heyterstvo
Бутафория,http://everydayword.ru/butaforiya
Схи́зма,http://everydayword.ru/shizma-0
Померий,http://everydayword.ru/pomeriy
Монструазный,http://everydayword.ru/monstruaznyy
Сублимация,http://everydayword.ru/sublimaciya
Фетиш,http://everydayword.ru/fetish
Доктрина,http://everydayword.ru/doktrina
Прострация,http://everydayword.ru/prostraciya
Суггестия,http://everydayword.ru/suggestiya
Евге́ника,http://everydayword.ru/evgenika
Оксюморон,http://everydayword.ru/oksyumoron
Борборигмус,http://everydayword.ru/borborigmus
Гиберна́ция,http://everydayword.ru/gibernaciya
Апофени́я,http://everydayword.ru/apofeniya
Синклит,http://everydayword.ru/sinklit
Эфирный,http://everydayword.ru/efirnyy
Нарратив,http://everydayword.ru/narrativ
Плацебо,http://everydayword.ru/placebo
Нигилизм,http://everydayword.ru/nigilizm
Пастеризация,http://everydayword.ru/pasterizaciya
Прерогатива,http://everydayword.ru/prerogativa
Стортинг,http://everydayword.ru/storting
Депонирование,http://everydayword.ru/deponirovanie
Вёдро ,http://everydayword.ru/vyodro
Парадигма,http://everydayword.ru/paradigma
Контражур,http://everydayword.ru/kontrazhur
Колумни́ст,http://everydayword.ru/kolumnist
Мо́щи,http://everydayword.ru/moshchi
Неблю́й,http://everydayword.ru/neblyuy
Панграмма,http://everydayword.ru/pangramma
Апология,http://everydayword.ru/apologiya
Пассаж,http://everydayword.ru/passazh
Мимесис,http://everydayword.ru/mimesis
Буффона́да,http://everydayword.ru/buffonada
Гальюн,http://everydayword.ru/galyun
Медиаплан,http://everydayword.ru/mediaplan
Эсхатология,http://everydayword.ru/eshatologiya
Экспроприация,http://everydayword.ru/ekspropriaciya
Автоним,http://everydayword.ru/avtonim
Ляссе́,http://everydayword.ru/lyasse
Андрофобия,http://everydayword.ru/androfobiya
Феминизм,http://everydayword.ru/feminizm
Пунт,http://everydayword.ru/punt
Гипоксия,http://everydayword.ru/gipoksiya
Транспарентность,http://everydayword.ru/transparentnost
Интеграция,http://everydayword.ru/integraciya
Абляция,http://everydayword.ru/ablyaciya
Аутентификация,http://everydayword.ru/autentifikaciya
Синопсис,http://everydayword.ru/sinopsis
Дератизация,http://everydayword.ru/deratizaciya
Паракорд,http://everydayword.ru/parakord
Орфоэпия,http://everydayword.ru/orfoepiya
Закомара,http://everydayword.ru/zakomara
Мутизм,http://everydayword.ru/mutizm
Кипа ,http://everydayword.ru/kipa
Лаунж,http://everydayword.ru/launzh
Антисемит,http://everydayword.ru/antisemit
Апологет,http://everydayword.ru/apologet
Биди,http://everydayword.ru/bidi
Полинфразия ,http://everydayword.ru/polinfraziya
Бравурный,http://everydayword.ru/bravurnyy
Эйдетизм,http://everydayword.ru/eydetizm
Канюля,http://everydayword.ru/kanyulya
Интерференция,http://everydayword.ru/interferenciya
Анклав,http://everydayword.ru/anklav
Темляк,http://everydayword.ru/temlyak
Моветон,http://everydayword.ru/moveton
Витолье,http://everydayword.ru/vitole
Синергия ,http://everydayword.ru/sinergiya-0
Палиндромы  ,http://everydayword.ru/palindromy
Мизантропия,http://everydayword.ru/mizantropiya
Кавалькада,http://everydayword.ru/kavalkada
Пунктуальность,http://everydayword.ru/punktualnost
Светоч,http://everydayword.ru/svetoch
Эква'йринг,http://everydayword.ru/ekvayring
Сантименты,http://everydayword.ru/santimenty
Эвтана́зия,http://everydayword.ru/evtanaziya
Пасквиль,http://everydayword.ru/paskvil-0
Ономатет,http://everydayword.ru/onomatet
Ксенофо́бия,http://everydayword.ru/ksenofobiya
Ши́льдик,http://everydayword.ru/shildik
Абиентный,http://everydayword.ru/abientnyy
Гибридизация,http://everydayword.ru/gibridizaciya
Фетишизм,http://everydayword.ru/fetishizm
Конфайнмент,http://everydayword.ru/konfaynment
Гибристика,http://everydayword.ru/gibristika
Колумелла,http://everydayword.ru/kolumella
Бексултан,http://everydayword.ru/beksultan
Анальгетики,http://everydayword.ru/analgetiki
Фроттеризм,http://everydayword.ru/frotterizm
Аллюр,http://everydayword.ru/allyur
Обскурантизм,http://everydayword.ru/obskurantizm
Акселерация,http://everydayword.ru/akseleraciya
Модистка,http://everydayword.ru/modistka
Патернализм,http://everydayword.ru/paternalizm
Конгениальность,http://everydayword.ru/kongenialnost
Индульге́нция,http://everydayword.ru/indulgenciya
Тесситура,http://everydayword.ru/tessitura
Дивергенция,http://everydayword.ru/divergenciya
Идиосинкразия,http://everydayword.ru/idiosinkraziya
Физиология,http://everydayword.ru/fiziologiya
Эйфория,http://everydayword.ru/eyforiya
Бронтофобия,http://everydayword.ru/brontofobiya
Конгломерат,http://everydayword.ru/konglomerat
Кондоминиум,http://everydayword.ru/kondominium
Мондиализм,http://everydayword.ru/mondializm
Куафер,http://everydayword.ru/kuafer
Полиптих,http://everydayword.ru/poliptih
Жантильность,http://everydayword.ru/zhantilnost
Субтильный,http://everydayword.ru/subtilnyy
Абулия,http://everydayword.ru/abuliya
Габитус,http://everydayword.ru/gabitus
Консьюмеризм,http://everydayword.ru/konsyumerizm
Куконьки,http://everydayword.ru/kukonki
Престидижитация,http://everydayword.ru/prestidizhitaciya
Силлоги́зм,http://everydayword.ru/sillogizm
Алаверды́,http://everydayword.ru/alaverdy
Дефлорация,http://everydayword.ru/defloraciya
Гомогенный,http://everydayword.ru/gomogennyy
Обелус,http://everydayword.ru/obelus
Реферал,http://everydayword.ru/referal
Куртуазный,http://everydayword.ru/kurtuaznyy
Импликация,http://everydayword.ru/implikaciya
Дилижанс,http://everydayword.ru/dilizhans
Амбивалентность,http://everydayword.ru/ambivalentnost
Ха́ртия,http://everydayword.ru/hartiya
Экскурс,http://everydayword.ru/ekskurs
Криптомнезия,http://everydayword.ru/kriptomneziya
Депеша,http://everydayword.ru/depesha
Солипсизм,http://everydayword.ru/solipsizm
Омофон,http://everydayword.ru/omofon
Дисфория,http://everydayword.ru/disforiya
Инвестиция,http://everydayword.ru/investiciya
Бипатрид,http://everydayword.ru/bipatrid
Дисклеймер,http://everydayword.ru/diskleymer
Укуле́ле,http://everydayword.ru/ukulele
Кляуза,http://everydayword.ru/klyauza
Конферансье́,http://everydayword.ru/konferanse
